"when will the , wake the fuck and report what is true . do your job , do not tell america this is russia disinformation , because this is hunter biden , his father joe biden is running for the president of the united states . you can not ignore this , america ' s truth",[biden]
trump â€™ s terrorist in action .,[trump]
"if trump had a d behind his name , i â€™ m certain that you and others that look like you would find a dump truck full of reasons to toss this guy out of office just based on his character but since there is an r there just turn your head and pretend the lack of morality doesn â€™ t exist",[trump]
your consistent argument about the past shows you â€™ re ok whatever today â€™ s racist trump is doing .,[trump]
here comes the crazy scare tactics . ever thought of running on your record ? americans dying from covid each day and you think it â€™ s no big deal . covid covid covid . white flag of surrender . it is what it is,[trump]
"now , just days before the election , the trump administration has changed obama - era regulations to allow increased water flow for the popular kitchen appliance .",[trump]
"now , just days before the election , the trump administration has changed obama - era regulations to allow increased water flow for the popular kitchen appliance .",[trump]
"from his private jet . . . they all jumped too , crazy !",[trump]
businesses weren â€™ t boarding up their windows because they were afraid of supporters . -,[trump]
great parenting . . . i guess a fireman or policeman costume is to ole school for lil boys now .,[trump]
herman cain family like ğŸ¤” ğŸ˜¬ ğŸ˜· ğŸ¤¯,[trump]
"if this is going on , what does it say to black voters , it says the democrats think you can be swayed , that you can not think for yourself . remember biden said to all black voters , if your do not vote for him , then you ain ' t black . that is an insult to all black americans . stand up",[biden]
"there is no way the msm can not ignore this is their ? they would rather lie in front of the american people than to tell the truth . joe biden is a sell out to america & its people . bobulinski is the real deal , the sooner the msm tells the real truth , the better , its not going away",[biden]
"trump supporters , just in case you do not know , socialism is not communism . . . just so you know",[trump]
hilarious !,[trump]
going for the double shot of racism and misogyny .,[trump]
heavenly conservative leaning supreme court decided that stop whining,[trump]
seriously just saw a crazy impressive trump parade down ambassador caffery in lafayette la trump 2020 louisiana 2020 election,[trump]
i don â€™ t like biden but how on earth can people not see how much better he is than trump . . .,"[biden, trump]"
trump don â€™ t even like your race shut up !,[trump]
ğŸ¤¦ â€ â™‚ï¸ joe biden seems to forget who he â€™ s running against : ' we need to stop four more years of george ',[biden]
"the phony public display of affection is staged . its purpose is to convince women voters that the crude , chauvinistic sexual predator is a happily married man ( for the third time ) . only trump ' s gullible base will be impressed by such nonsense .",[trump]
different than you he apologized for it . ever gave that a shot for all the off the wall things you â€™ ve said since the â€™ s ?,[trump]
if trump wins i might as well let that girl know i love her . we â€™ ll be on the clock ğŸ’€,[trump]
they always pretend they never liked biden . but he was their favorite uncle in .,[biden]
"crooked democrats . money for me , ( biden ) but not for thee ( american public )",[biden]
lol my parents are thomas and nancy ( voted biden tho dw ),[biden]
and trump still gone lose ğŸ˜­,[trump]
"here ' s my first amendment right , chinga tÃº puta madre",[trump]
"interesting ! looks like trump voters are less nervous , anxious , angry , etc . i â€™ d like to say this is shocking . . . but it â€™ s really not .",[trump]
"bill maher on trump conceding , covid , giuliani in borat & ruth bader gin . . . via",[trump]
if trump had embraced stopping coronavirus early on he â€™ d have a double digit lead in the polls . no doubt in my mind about that . one of the greatest fumbles in political history .,[trump]
stop blaming hackers inside criminals in republican establishment and trump family members have stolen lots of ğŸ’µ from trump campaign .,[trump]
the majority of texans do not love you . remember hillary won the popular vote . and you had the lowest number in history at your inauguration .,[trump]
trump said joe was sleeping in his basement,[trump]
yes trump has done a lot of good things but his bad outweighs the good ! ! ! ! ! ! ! !,[trump]
the full story of trump and covid - | nowthis via,[trump]
first step is for that asshole to leave the white house . joe biden has made statements already while trump continues to remain silent arstakh strong,"[trump, biden]"
"election day is finally here , and here ' s what to watch as the final votes for president donald trump and democratic challenger joe biden are cast .",[biden]
"election day is finally here , and here ' s what to watch as the final votes for president donald trump and democratic challenger joe biden are cast .",[biden]
probably someone trying to stir up trouble,[trump]
this is where it has to go . time to start to call them out . every news show that is not reporting the biden crime family is real report it,[biden]
i wonder if the west - borough church folk decided to just become trump people .,[trump]
"any one in michigan who has the guts and balls to shout down biden , since the msm will not report it then maybe they will report protesters who shout about joe being a sellout to america . remember obama also took money , it was a group agreement . look at hunter in the oval office .",[biden]
"oh , my . instagram says comparing crowd size isn â€™ t valid because joe biden â€™ s campaign strategy is to intentionally have empty campaign rallies . in what universe does that make any sense ?",[biden]
donald thump really screwed up the republican party . high voter turnout always helps democrats . thank you trump for turning a large solid red texas into a toss up and potentially a blue state .,[trump]
"need to sleep , dunking on trump supporters is tiring work . night x",[trump]
"not true ! you forget iowa & new hampshire are not the national audience . . . . ask joe biden who was 4 th place , no money until . . . . drum roll please . . . . south carolina . and who are constantly in the spotlight ? yep ! beto , castro , harris , mayor pete , and booker",[biden]
whitehouse insider omarosa says donald trump is ' unhinged ' | minutes . . . via,[trump]
majority of ' karens ' say they are voting for biden over trump,"[biden, trump]"
majority of ' karens ' say they are voting for biden over trump,"[biden, trump]"
can â€™ t pepper spray them in their car .,[trump]
"most , almost all , are not political nazi ' s , but most are trump cultist for sure .",[trump]
hope you came to tell them to provide those who ordered the shooting & killing that happened at the lekki toll - gate during the endsars protest on ?,[trump]
the campaigns are competing across an expansive senate map as democrats put republicans on defense deep into trump country .,[trump]
the campaigns are competing across an expansive senate map as democrats put republicans on defense deep into trump country .,[trump]
"i just had a dream everybody i knew voted for trump , time to find some new friends now ğŸ¤¦ ğŸ¾ â€ â™‚ï¸",[trump]
you fight for you ! it is all about you ! and anyone who follows you is mentally handicapped . . . for real ! stop taking advantage of the mentally handicapped !,[trump]
not all trump supporters are racist but all racist are trump supporters .,[trump]
visualizing a landslide victory for biden ! ğŸ‰ ğŸ‰ ğŸ‰,[biden]
cuz it ain â€™ t a story .,[trump]
"to be fair , trump screwed up the federal response to covid .",[trump]
and trump is saying biden has dementia . . . . mmkay,"[trump, biden]"
the trump administration was built on a conspiracy theorist movement that does not need facts or knowledge to grow following . . how scary is that ? biden harris 2020 vote 2020 vote our lives depend on it black lives matter rock the vote,[trump]
omg biden said he â€™ ll have bts at his inauguration if he wins to celebrate diversity ğŸ˜ ì˜¤ë¹  !,[biden]
"whoever is in charge of the stage for biden ' s campaign stops , should go apply for a job at disney , clearly making this guy look cartoonish at best",[biden]
biden has to win . ğŸ‘‡,[biden]
i voted fo biden ! souls to the polls,[biden]
lol this is what trump is doing to america ! only making it worse ! ! ! ! ! ! ! he â€™ s making it okay to be racist and there â€™ s nothing really happening to these people ! ! ! ! !,[trump]
trump needs to exercise personal responsibility . then people will follow . biden - harris do that .,"[trump, biden]"
"friends , i really need you to vote trump out of office . see , i have this no white men under trump rule , but i recently met a very handsome white dude and i would really like to kiss him . vote blue on tuesday please .",[trump]
"born under a bad sign ! if trump wins , i might turn out like ginger baker .",[trump]
"has joe biden ever said he loves americans ? i will wait . but joe is sick of you smart guys , you know the ones that caught him red handed selling out america .",[biden]
wwwooooooooow ! i guess covid19 does not exist at trump rallies . . .,[trump]
"irrefutable fact : if you stand with trump ( for reasons you may well think justified ! ) you nevertheless stand alongside white nationalists , neo - nazis , vote suppressers , doomsday proponents and america ' s greatest military adversary . subjective assessment : do not .",[trump]
joe biden will become the president of the us .,[biden]
"somebody put down mil on trump winning , now i see why this shit illegal now",[trump]
"if y â€™ all know any trump supporters in the fandom , dm me their @ and i will expose them ! i don â€™ t care ğŸ˜ so don â€™ t be shy and send them all over cause no magats x caro lovers in our fandom â¤ï¸ voteblue",[trump]
my reply to idiots like arnab,[trump]
"she ' s a trump deplorable , let us not kid ourselves",[trump]
this is a dumb argument . there â€™ s lots of things that aren â€™ t in the constitution . the va isn â€™ t . should we put our vets out on the street ?,[trump]
trump ğŸ’™ ğŸ‡º ğŸ‡¸ ğŸ’™,[trump]
you get what you pay for .,[trump]
if we vote for biden we get no midnight snack or tv for a week . . . :(,[biden]
vote biden and harris,[biden]
i â€™ m not a trump supporter but i think it â€™ s fair .,[trump]
looks like the balance sheet for every one of trump â€™ s businesses .,[trump]
why do maga chuds always make joe biden sound cooler than he is,"[biden, trump]"
did you read about the law enforcement â€™ s response ? law and order yeaaaaaah right ! ? ! ! !,[trump]
i am not sure why people are surprised . he did not need biden to destroy louisiana ' s economy . he ' s done a great job of that all on his own . thank the lord la lege got that petition through and his mandates now mean nothing .,[biden]
how does he getaway with the things he says ? ! how is this ok ? ( i would say the same if he said this about biden ) .,[biden]
ğŸ–• is for trump not the office don â€™ t get too exited,[trump]
the first thing on the agenda after biden wins is civility and i want to help with that . find a person who laughed when you told your story about losing a child at the border and i â€™ ll make him take back the laugh and even suggest it might have been bad to take your baby,[biden]
it might be . . . maybe after tonight ğŸ¤ ğŸ¼,[trump]
"our neighbor trump supporters , wish tht bitch would why and pet my dog again",[trump]
"this man was a snake oil salesman if there ever was one . america do not get duped again . because kamala harris will break this country , if biden wins , harris will be president .",[biden]
"the crime bill was disastrous for the black community . instead of dancing for joe biden and the democrats how about you have some good analysis of the conditions prior to the war on drugs , the destruction of the black power movement during cointel pro , the peddling of drugs",[biden]
"wtg , put that anthony scaramucci on his heels , hes a biden chump",[biden]
i am surprised that jack nicklaus has praised and endorsed donald trump . every day brings new disappointments . 5 days,[trump]
"look around . do you see any authentic , compassionate , educated , faithful , reliable , hard - working , honest , loving , progressive people , supported by positive intentions and living a wholehearted , purpose - driven life voting for trump . no , you do not .",[trump]
"i hope the left realizes , this will make watergate look like child ' s play nixon was caught , & it took sometime to prove it biden is doa , the whole story is not out yet . everyone is involved , & a number of those are not even talked about yet this can of worms is just about to open",[biden]
"\ you do not see how says the \ "" \ "" china virus \ "" \ "" is racists ? ? \ "" """,[trump]
"i can â€™ t believe some of y â€™ all still gonna vote for trump , it is beyond me .",[trump]
you have to consider that there are trump voters who legitimately believe that man is the answer to all of the problems we have and that all media is just painting him in a negative light .,[trump]
where is the work this administration has done ? for all the big talk from this administration they have been the laziest group of men and women since nixon . relying on the perception of a good job . they are great at sounding tough but look behind the wall and nothing is there,[trump]
"original video from the event confirms that biden was in minnesota but the video was doctored to change the text on a sign and the podium to refer to tampa , florida , instead of minnesota .",[biden]
"original video from the event confirms that biden was in minnesota but the video was doctored to change the text on a sign and the podium to refer to tampa , florida , instead of minnesota .",[biden]
don â€™ t do that . because you know there was a fundamental switch between the parties .,[trump]
chainz had a concert at biden / harris rally and lil pube . . . . i mean lil pump spoke at the trump rally ğŸ¤” this is really america . . . . .,"[biden, trump]"
henny god jr disapproves,[trump]
just getting some bread !,[trump]
little african girl scolds trump over his stupid ethiopia ' blow up ' dam . . . via,[trump]
"a florida man is accused of stealing a backhoe and targeting homes with joe biden yard signs , and witnesses call it a â€œ sign of the times . â€",[biden]
"a florida man is accused of stealing a backhoe and targeting homes with joe biden yard signs , and witnesses call it a â€œ sign of the times . â€",[biden]
"i was watching republicans against trump ad , seeing how people that voted for trump realized what kind person trump really is the hate , racism , lies , and terrible things he has done before and during his presidency s now voting for biden , voting for because joe biden is a good man","[trump, biden]"
when we defeat trump this toady goes to too,[trump]
"prayers , god knows his name and yours ! ! !",[trump]
i am not surprised . this probably happening everywhere .,[trump]
stay out ? you â€™ re in la - la land of you think that . scotus is standing back and standing by to weigh in bigly for trump . the only way that doesn â€™ t happen is a big blue wave .,[trump]
look at trump getting all flattered,[trump]
i â€™ ll vote for whoever abolishes daylight savings,[trump]
"flip the us senate . strong blue in the us senate , along with biden and holding the house is what this country needs .",[biden]
he should sue trump for exposing his hypocrisy,[trump]
i â€™ m so proud of you brayden . such a wonderful spokesperson for the biden - harris administration,[biden]
vegas gives joe biden,[biden]
"well if you liked when obama was president , vote for biden . if you like trump and what he has been doing , vote for him .","[biden, trump]"
notice how trump iroha is more seductive . . . . . . just sayin ',[trump]
"is obama stumping for biden this weekend if so , then reporters need to question him about the china payout to biden , get him on record i want to see him squirm out of that joe might not answer , obama will look complicit if he does not and if obama has a lid , then we know the deal",[biden]
"' sign of the times ' : florida man stole backhoe , ran down biden signs , police say",[biden]
"' sign of the times ' : florida man stole backhoe , ran down biden signs , police say",[biden]
will count until biden wins . dead grandma voted for slow joe !,[biden]
biden has always been the dumbest guy in the room ! advanced his career and wealth due to corruption .,[biden]
yall better unfollow ğŸ¤¢ this is disgusting and i will unfollow you if you dont unfollow her . . . literally how can u stan selena and support trump . . . like ? ? okay caroline lover ğŸ¥º â€¼ï¸ â€¼ï¸ no trump supporters in our fandom â€¼ï¸ â€¼ï¸,[trump]
"trump defaulted on in bank loans , new report shows l gma via",[trump]
didn â€™ t this moron endorsed trump yesterday ?,[trump]
donald trump is the greatest president this country has ever had . . . just imagine how great he could be if they thought that way across the aisle,[trump]
videos and photos posted on social media show a long line of vehicles flying trump flags trailing the biden - harris bus . some members of the texas campaign said a biden - harris staffer â€™ s car was hit during the incident .,"[biden, trump]"
videos and photos posted on social media show a long line of vehicles flying trump flags trailing the biden - harris bus . some members of the texas campaign said a biden - harris staffer â€™ s car was hit during the incident .,"[biden, trump]"
as a bit . you are a fucking idiot if you think i want biden to win just bc i want to kiss a white man . get off twitter and find sense,[biden]
y â€™ all don â€™ t have to vote for trump or biden tbh . . . there â€™ s like other ppl running . . . . write me in . . vote for me .,"[biden, trump]"
house votes by state . similar to ec . in this case there are more red states - so trump for the win !,[trump]
he doesn â€™ t have a clue because he won â€™ t win .,[trump]
how can someone like this be a trump supporter ? ? ? i â€™ m so confused like uhmmmm iggy would kick u so fast,[trump]
"it gives trump a good , warm feeling to know his supporters are willing to die to see him . the risk of catching a deadly virus or incurring hypothermia or a heat stroke will not stop them .",[trump]
if trump loses bitch them ppl is gon blow america up . i â€™ m knowing they got the tnt already ğŸ˜­ i hate his supporters .,[trump]
arrest everyone responsible .,[trump]
you know oj is a trump supporter,[trump]
trump rally that starts and ends at traitor park,[trump]
ğŸ˜‚ ğŸ˜‚ thats biden fr ? ?,[biden]
just in : another rich white guy takes stand for fascists . film at never .,[trump]
hunter biden is apparently the rip taylor of laptops,[biden]
klfy post a negative story with little to no significance and ignores real stories on biden â€™ s and his sons overseas corruption deals . media bias on full display .,[biden]
"i am and i will do the same , because i love this country . joe biden is a crook , and a sellout to america",[biden]
male biden voters are such wimps !,[biden]
perfect trump demographic non collage educated thugs,[trump]
president donald trump told reporters tuesday that a coronavirus relief package expected to include another round of direct payments to americans won â€™ t happen until after election day .,[trump]
president donald trump told reporters tuesday that a coronavirus relief package expected to include another round of direct payments to americans won â€™ t happen until after election day .,[trump]
"for real , how stupid is that ? but then anyone dumb enough to think biden is not on the take with china , would be his voters willing to put him in office , and pay higher taxes .",[biden]
"i do believe in my heart that if trump gets re - elected we will have a scar on our economy and on our country overall , that we will not heal from for a very long time . we will go into civil war . . . civil war culture will be born .",[trump]
getting re elected is the easiest thing to do trump even screwed that up .,[trump]
"as long as they vote for trump before they die , it ' s all good .",[trump]
â€œ surrender to covid â€ is a weird battle cry . vote them out vote biden harris to save america,[trump]
"kayleigh mcenany once reported when employed by cnn that â€œ biden is a man of the people â€ . if that comment is not a lie , nothing is .",[biden]
"watching this , icu nurse , so broken from all the deaths that he has had to endure it ' s heartbreaking trump dares to demean his character and those of doctors fighting on front lines is disgusting just another lie from trump",[trump]
"by the cia as exposed by the iran - contra scandal . how about instead of telling black folk to vote for joe biden , one of the architects of it all . you need to dig deeper before you start peddling .",[biden]
weird how there aren â€™ t any deployed armed police to remove these ass holes . wonder why .,[trump]
you can call your county elections office and ask if they received yours and if it will be counted .,[trump]
i woke up to the tune of cars honking their horns this morning . i live in cali and the trump car train was in full force . blasting horns and flighin the american flag . god bless americans and president trump trump 2020 landslide victory baby trump 2020 california re dvote,[trump]
"think about it the nfl is playing every sunday , some player are getting covid , they are out for a week or two . the games play on . but governors are wanting to close down states because covid is spiking up . can you smell the bull shit pass it on we are being played vote trump",[trump]
that â€™ s where we â€™ ll be if trump wins,[trump]
"in , hillary clinton won the popular vote by nearly million votes but lost the presidency due to trump â€™ s collective votes in michigan , pennsylvania and wisconsin , which put him over the top in the electoral college .",[trump]
"in , hillary clinton won the popular vote by nearly million votes but lost the presidency due to trump â€™ s collective votes in michigan , pennsylvania and wisconsin , which put him over the top in the electoral college .",[trump]
cnn : the absolutely bonkers threat donald trump made this week . via,[trump]
"this is how the office of the president will be if biden is elected , no one will be listening to him . harris will be running the country , vote president trump today , and remember vp mike pence is the back up . a - punch to keep america great .",[biden]
you defend biden for not answering questions ? see you at the polls dimorats,[biden]
also it â€™ s funny because by their logic trump shouldn â€™ t have used his platform to get involved either ğŸ¥´,[trump]
trump winning the election is the cherry on top of the year has been .,[trump]
trump â€™ s terrorist in action,[trump]
"ever consider signing laws and bills ? what happened to that process ? trump supporters , please tell me what legislation is the hallmark of this administration ? what treaty ? what nuclear arms plan ? anything in years . just one personality standing before us yelling constantly",[trump]
"i don â€™ t care who you are , or what side of the spectrum you come down on . has simply outworked joe biden , who no one has seen in a week . joe hasn â€™ t hustled . he hasn â€™ t even shown up . he hasn â€™ t earned a win . he hasn â€™ t even kept it in play .","[biden, trump]"
this whole election was trump vs biden . . . . nobody like to do research on other candidates ? ?,"[biden, trump]"
you can say it all day every day but that doesn â€™ t make it true .,[trump]
why can â€™ t biden go after trump with facts like this,"[biden, trump]"
ğŸ’” ğŸ’” ğŸ’” has tweeted he loves michigan yet ? americas greatest mistake,[trump]
"watch : we are now just one week from the election . joe biden goes on the offense in georgia , while president trump targets the midwest . newsfeed now is streaming live .","[trump, biden]"
"watch : we are now just one week from the election . joe biden goes on the offense in georgia , while president trump targets the midwest . newsfeed now is streaming live .","[trump, biden]"
"confused all these things , graduations , weddings , 4 th of july , were cancelled under your watch .",[trump]
what the ever loving fuck are you babbling about now ?,[trump]
he is making sure his wife isn â€™ t voting for biden ğŸ˜‚ ğŸ˜‚ ğŸ˜‚,[biden]
that would be great,[trump]
lol . inchel hyereh follow en anum irran like groupies . i dont understand their weird obsession with this clown,[trump]
u cant talk about trumps accomplishments because he doesn â€™ t do anything but tweet and denegrade anyone one that disagrees . he won â€™ t work for the american ppl he will only craft yelling speeches littered with name calling and excellent one liners . but what about useful work ? none,[trump]
vote vote vote ! ! ! trump disrespects everything patriotic and american . he is a fascist and a rapist ! if you have any love or goodness within you you will vote them out,[trump]
"another reminder of how inept trump , his administration , and his campaign are . he was safe and warm on air force one . that ' s all that matters . oh , but please vote for him !",[trump]
every republican who is not on the down ballot with donald trump the selection cycle is dancing with joy specially senate republicans,[trump]
most are mailed back . anyone paying attention knew to mail it back in plenty of time .,[trump]
i just know he â€™ s fuming rn,[trump]
"on saturday , trump tweeted a video of his supporters following the biden campaign bus , adding , â€œ i love texas ! â€",[biden]
"on saturday , trump tweeted a video of his supporters following the biden campaign bus , adding , â€œ i love texas ! â€",[biden]
y â€™ all always want to say eat the rich and all this shit about millionaire trump only paying for his taxes but are complaining about joe biden tax rate like y â€™ all making that kind of money like please sit tf down ğŸ™„,[biden]
"one post that will not be hard for joe biden to fill , is the drug czar , that job goes hunter for sure he has the knowledge to find drugs anywhere in the world if you can score drugs in china , you know your shit a funny fact that will never happen , because biden is not going to win",[biden]
the relationship between president donald trump and the nation â€™ s top expert on infectious diseases continues to deteriorate as trump suggested at a campaign rally he might fire dr . anthony fauci .,[trump]
the relationship between president donald trump and the nation â€™ s top expert on infectious diseases continues to deteriorate as trump suggested at a campaign rally he might fire dr . anthony fauci .,[trump]
trump just said that he is going to have four great years hope in enjoys rikers island but it ' s longer than four years,[trump]
"i believe trump finds out that he has lost , he will resign pence will pardon him for all federal crimes but i think trump will pardon pence , barr , ratliff , meadows and anyone ' s who has helped in his crimes including his family then pence as president will pardon trump",[trump]
but you damn well should be american above all things . it â€™ s not american to hate those that disagree with your politics . it â€™ s un - american to run a biden bus off the road and surround them with weapons as if to excecute them b / c they think trump is an awful example of us,"[biden, trump]"
y â€™ all gotta vote trump & his whole family out of here .,[trump]
imagine being from somewhere other than the united states & feeling right in the head to vote for trump .,[trump]
i would so awesome when trump loses in a landslide,[trump]
don â€™ t know much about spray tans but are you supposed to come out burnt orange trump does ? like are you supposed to end up the same complexion as an unseeded chia pet ?,[trump]
"the plague ! ! ! the universe said screw this , send in the plague and they still don â€™ t get it ! ğŸ˜³ ğŸ˜² ğŸ¤­ ğŸ˜§ ğŸ˜® ğŸ™„ ğŸ¤· ğŸ¾ â€ â™€ï¸",[trump]
live : biden and obama campaign in michigan | nbc news via,[biden]
good morning to joe biden and kamala harris only .,[biden]
on average it costs tax payers per minute i repeat per minute for presidential travel . all these rallies are personal re - election business .,[trump]
it ' s horrifying that of america prefers trump over democracy . they are okay with him doing whatever it takes to win .,[trump]
i thought they declared biden the winner yesterday ?,[biden]
"if joe biden wins this election , i will leave america . unlike springsteen , cher , streisand , lopez , spike lee , & many other hot air talk & no action so called celebrities . my faith in americans , will be lost , if america can not see that biden is a crook & sellout . america vote trump",[biden]
"just about as spot on as you can get . why is it that people can not see the difference between the groups , i have to agree with this guy , most of the angst is coming from the biden camp . i think it comes down to the sane & insane , common sense or none at all . vote trump be happy",[biden]
quick let â€™ s start a rumor that trump hates k - pop so we can guarantee a biden landslide victory ğŸ˜³,"[trump, biden]"
shhh yes fran is . and the stupid thing is cube never spoke with trump . he communicated with jared the son - in - law . now make that make sense ğŸ¤· ğŸ¾ â€ â™€ï¸,[trump]
social media fact checkers say nobody showing up to crooked joe biden â€™ s rallies is a â€œ campaign strategy . â€ here â€™ s a campaign strategy for you : people show up to see winners .,[biden]
trump is death on a stick . he â€™ s destroying people â€™ s health one way or another . smh in disgust . vote him out ! ! ! !,[trump]
"america this is the dream team that almost took down this country . thank god for donald j . trump a president for the people of america , yes all the people . joe biden is a crook and a sellout to america and obama knew it and was complicit in it all that biden did . trump 2020",[biden]
"you know what this is bull shit . i am done where is biden showing up today , someone needs to put a team together and confront him . yell him down with all that he has done . if the msm will not report on him . then make them report on those confronting him . i am in if he is in cali",[biden]
you are going to lose bigly ! that ' s the only trend we are interested in .,[trump]
so it is a personality contest if one of the candidates lacks dignity and grace in the office he holds . this isn â€™ t about money ( for most of us ) it â€™ s about character ! trump finds the deaths of americans as day inconvenient . you â€™ d think he would stop and honor those that,[trump]
it â€™ s probably john miller .,[trump]
she literally did @ you that â€™ s how a qrt works i - ğŸ˜­,[trump]
"i â€™ m seeing very little evidence that trump will concede without massive pressure from his own party , which i have also seen very little evidence that they are interested in doing . not trying to be an alarmist . just . . . stating what i see .",[trump]
trump listening to mary j blige ?,[trump]
my stats professor gives joe biden a chance to win,[biden]
vote for trump,[trump]
"wow , the postal workers ( whose union endorsed biden ) weren â€™ t able to get the job done ? how very shocking ! ğŸ¤£ ğŸ¤£",[biden]
how is this something we should condone ? i realize that none of this impacts you but it impacts other americans but you invoke patriotism into trumps character . i served with an american flag on my sleeve . this is not patriotism . i could care less whether you are red or blue,[trump]
the time i met joe biden via,[biden]
"it â€™ s all about him being right . biden could win but he will find something to complain about . or through some convoluted diatribe , he will take credit for biden winning michigan .",[biden]
this shows how many low lives live in his gerrymandered district,[trump]
it ' s like his boarder policy cruelty was the policy the whole idea of kidnapping people ' s children was to be cruel only a person who only cares about themselves could do that trump is killing americans and knows it,[trump]
"think about this . you own a business , you had to hire someone to run it , like a ceo would you hire a guy who is on the take w / other companies , giving away business secrets , showing up half the time . aka biden or hire a guy who is doing meetings a day , making top deals aka trump ğŸ¤”",[biden]
biden would get walked over by the rest of the world . he â€™ s dumb and weak !,[biden]
to bad the people of blm support the wrong candidate . what exactly has biden done for the black community because trump has helped a lot,"[biden, trump]"
from a friend . could not have said it better myself . election day elecciones 2020 election vote vote vote him out trump proud boys lock him up lie after lie,[trump]
i actually understood the thread with the supporting tweets . in other words we are either at the same level where we were with george bush recession in or we are worst off with trump recession,[trump]
yea for donald trump . you piece of shit ğŸ˜,[trump]
"iran â€™ s supreme leader mocked america â€™ s presidential election tuesday in a televised address , quoting president donald trump â€™ s own baseless claims about voter fraud to criticize the vote .",[trump]
"iran â€™ s supreme leader mocked america â€™ s presidential election tuesday in a televised address , quoting president donald trump â€™ s own baseless claims about voter fraud to criticize the vote .",[trump]
"don â€™ t to that way , kid . i saw joe biden down there . ğŸ˜‚ ğŸ˜‚ ğŸ˜‚",[biden]
"done , lets continue this path , true americans see what is going on . biden is a crook and a sellout to america .",[biden]
"it â€™ s easy for men that look like this sports legend to ignore trumps bigotry and misogyny because they will never find themselves on the receiving end of either . thanks to men like jack , the american standard for dignity , grace and decency is so so low .",[trump]
"with donald trump ' s defeat , the best really is yet to come .",[trump]
"trump campaign is broke , billing tax payers with these rallies it cost per minute to move president around",[trump]
"you trippin out cuh , tweeker ! !",[trump]
"because trump is the antichrist and his hats are the mark of the beast , and they need to usher in the end times ? is that your reasoning ?",[trump]
omg you are a child !,[trump]
mr president since no one ' s talking about it it must not be a big deal but i think it deserves a thank you anyway so thank you mr president for bringing peace to the middle east,[trump]
spending taxpayers money like a drunken sailor,[trump]
that video is sick ğŸ’¥,[trump]
russia approves bill allowing national law to trump international treaties,[trump]
how are americans suppose to look past trump â€™ s divisive personality ? he has encouraged supporters to go to polling sites and intimidate voters . he winks and nods at white supremacist . now militias are plotting to kidnap and kill elected officials not aligned with their world view,[trump]
freedom of speech . who is even talking about something so politically childish . usually when you have nothing productive to say you start making up stuff about the 1 st or 2 nd amendment . here is a talking point . trumps legislative accomplishments . national debt . virus control . . ok,[trump]
trump & the coronavirus : last week tonight with john oliver ( hbo ) via,[trump]
lies lies lies ! ğŸ¤¥,[trump]
"the popular vote does not win elections electoral college does , but this is a nice indicator trump biden if the voters really knew what biden has done over the years in office , & the selling out of america to china , that would be a lot less . msm is playing you",[biden]
i don â€™ t like biden tbh but i agree ! we need to unite and get that orange bigot out of office,[biden]
"have died because of his inaction . the trump family is not a good representation of the values of leadership taught by my father and reinforced by my military training . it â€™ s sad that many that look like you find trumps actions , vile hatred , sinister approach to be prez acceptable",[trump]
coming from fox news,[trump]
joe biden is a crook and a sellout to america . obama is a crook and a sellout to america both need to be indicted .,[biden]
pack your shit or we throwing it all away wednesday morning ! ! !,[trump]
"i would rather be a drug addict then a sell out to my country don lemon joe biden hunter biden , and james biden are also sellouts to this country",[biden]
hip hop icon lil wayne is receiving criticism after publicly showing support for president donald trump on thursday .,[trump]
hip hop icon lil wayne is receiving criticism after publicly showing support for president donald trump on thursday .,[trump]
"absolutely astounding that biden would even bring this up . the man has no principles whatsoever when president trump wins this election , biden better hid in that basement , and lock himself in . because president trump is going to clean house , and joe is first",[biden]
"i â€™ m attending texas democratic party - organizing â€™ s event , â€œ california toss up tuesday ' s for biden : flip texas , beat trump â€ â€“ sign up now to join me !","[trump, biden]"
"disappointed but like jemele hill said . . . . i see a pattern too . biden , drop them taxes on them .",[biden]
taxes . all of your taxes you did not pay to ny but you paid to china .,[trump]
"wait sis , you know why we , the people know why it â€™ s ? because non profit organizations worked and paid people to contact and trace down family . trump admin didn â€™ t do shyt and they knew kids were going to get lost and still took them from the parents !",[trump]
pride and patriotism over party ! we need to be americans . no time for the red and blue fued now . there is room much at stake . especially for those that value their freedom to respectfully disagree . you should be advocating for trump supporters to put down their weapons and vote,[trump]
"\ joe biden ' s word of the day \ "" \ "" badakathcare \ "" \ "" ğŸ¤£ ğŸ˜œ ğŸ¤£ i am looking up to see what it means . stay tuned \ "" """,[biden]
after tomorrow can we just all remember that biden is a piece of shit too . i â€™ m tired of people pretending he â€™ s not . . . . . . .,[biden]
can someone send me what president trump said to the state of louisiana ?,[trump]
doubt it . republicans packed the court,[trump]
y â€™ all voted for trump fr or do you just need some attention today ?,[trump]
if trump remains our president i am starting an only fans for my chia pet .,[trump]
tell us about biden refrigerators vs trump refrigerators,"[biden, trump]"
identity your favorite â€œ biden is a terrorist â€ â€œ kamala is a cop â€ fake leftist telling you not to vote . then twitter search their @ w â€œ uncle joe â€ or â€œ love kamala . â€ favorite the tweets dickriding kamala and joe they forgot to delete . spotting the rebranding for retweets is my fave .,[biden]
"this was no fluke , as it was no fluke that president trump won in , and will win again in god bless america",[trump]
the â€œ orange man bad â€ people have it so bad that none can explain why they rather watch biden . funny,"[trump, biden]"
"miles is carefully honing his future . it ' s not about america or trump . it ' s about miles . he ' s a younger , slicker version of narcissistic trump .",[trump]
you are voting for a moron and stop wasting beer ! !,[trump]
"a real veteran stands up for truth , integrity , and the constitution . makes me proud to be the wife of a retired us army officer . go joe biden ! go army ! ğŸ ( beat navy ! ğŸ˜‚ )",[biden]
